{"schemaVersion":"1.0","appDefinitionTemplate":{"id":"/providers/Microsoft.PowerApps/apps/","type":"Microsoft.PowerApps/apps","tags":{"primaryDeviceWidth":"1366","primaryDeviceHeight":"768","sienaVersion":"20221206T175715Z-3.22111.28.0","deviceCapabilities":"","supportsPortrait":"false","supportsLandscape":"true","primaryFormFactor":"Tablet","publisherVersion":"3.22111.28","minimumRequiredApiVersion":"2.2.0","hasComponent":"true","hasUnlockedComponent":"true","isUnifiedRootApp":"false"},"properties":{"appVersion":"2022-12-06T17:57:15Z","lifeCycleId":"Published","createdByClientVersion":{"major":3,"minor":22111,"build":28,"revision":0,"majorRevision":0,"minorRevision":0},"minClientVersion":{"major":3,"minor":22111,"build":28,"revision":0,"majorRevision":0,"minorRevision":0},"backgroundColor":"rgba(165, 34, 55, 1)","backgroundImageUri":"/3664304751897509392/N1e552dfa-de76-4171-ba3f-729c12208b1b-logoSmallFile","displayName":"Timesheet Project","description":"","commitMessage":"","appUris":{"documentUri":{"value":"/3664304751897509392/Ne8f34f69-5097-45cb-bdba-0c60ca74ba2a-document.msapp"},"imageUris":[],"additionalUris":[]},"createdTime":"0001-01-01T00:00:00Z","lastModifiedTime":"0001-01-01T00:00:00Z","sharedGroupsCount":0,"sharedUsersCount":0,"icons":{"smallIconUri":"/3664304751897509392/N6fa5eed7-c94c-456d-956a-a5d5b641456b-small.png","mediumIconUri":"/3664304751897509392/N9e8bf017-fd13-41a2-b295-1cce56646b7f-medium.png","largeIconUri":"/3664304751897509392/N28af633b-2396-46a8-a75b-6925185dbfb9-large.png","wideIconUri":"/3664304751897509392/N62505ff7-7d92-4461-8f26-4592b24c1912-wide.png"},"connectionReferences":{"223bcc83-f2e2-4a48-b628-9bf13645a9e6":{"id":"4c45e5ab-732c-4b35-a5d8-61895a77d9a3","displayName":"Office 365 Users","iconUri":"https://connectoricons-prod.azureedge.net/releases/v1.0.1593/1.0.1593.2980/office365users/icon.png","dataSources":["Office365Users"],"dependencies":[],"dependents":[],"parameterHints":{},"parameterHintsV2":{},"isOnPremiseConnection":false,"bypassConsent":false,"dataSets":{},"apiTier":"Standard","isCustomApiConnection":false},"e0bfafc7-08e9-4511-a2e7-6bc80f133e64":{"id":"b3decd1a-34f1-48af-a177-4c410a2aedcf","displayName":"SharePoint","iconUri":"https://connectoricons-prod.azureedge.net/releases/v1.0.1610-greyhound-localization-RelayFix/1.0.1610.3091/sharepointonline/icon.png","dataSources":["BillTo","Intern Timesheets","V2 Intern Information Page"],"dependencies":[],"dependents":[],"parameterHints":{},"parameterHintsV2":{},"isOnPremiseConnection":false,"bypassConsent":false,"dataSets":{"https://amtrak-my.sharepoint.com/personal/patrick_worthey_amtrak_com":{"dataSources":{"BillTo":{"tableName":"420a24bd-abed-475a-9c14-9d3f025dc9e8"},"Intern Timesheets":{"tableName":"7532f7cc-99c9-4e51-a145-1c761ff57351"},"V2 Intern Information Page":{"tableName":"53d501c4-69eb-46a9-a9aa-db1d0c7d07e5"}}}},"apiTier":"Standard","isCustomApiConnection":false,"actions":["providers/PowerPlatform.Governance/Operations/Read"]}},"databaseReferences":{},"almMode":"Environment","performanceOptimizationEnabled":true,"canConsumeAppPass":true,"enableModernRuntimeMode":false,"executionRestrictions":{"isTeamsOnly":false,"dataLossPreventionEvaluationResult":{"status":"Compliant","lastEvaluationDate":"2022-10-25T19:10:52.8623285Z","violations":[],"violationsByPolicy":[],"violationErrorMessage":"The app uses the following connectors: shared_sharepointonline, shared_office365users."}}},"appType":"ClassicCanvasApp","appComponents":[]}}